{"cameraMode":{"drawMode":0,"name":"Shaded","section":"Shading Mode"},"sceneLighting":true,"audioPlay":false,"sceneViewState":{"m_AlwaysRefresh":false,"showFog":true,"showSkybox":true,"showFlares":true,"showImageEffects":true,"showParticleSystems":true,"showVisualEffectGraphs":true,"m_FxEnabled":true},"in2DMode":false,"pivot":{"x":-58.999046325683597,"y":-20.507814407348634,"z":0.2860450744628906},"rotation":{"x":-0.07563327252864838,"y":0.8204689025878906,"z":-0.11169996857643128,"w":-0.5555494427680969},"size":66.10582733154297,"orthographic":false}